<?xml version="1.0" encoding="UTF-8" standalone="yes"?>
<addon id="repository.cralin.Kodi_19" name="cralin's Repository for Kodi 19.x (Matrix)" version="1.0.0" provider-name="cralin">
  <extension point="xbmc.addon.repository" name="cralin's repository for Kodi 19.x (Matrix)">
      <info compressed="false">https://github.com/cralin/repository.cralin.Kodi_19.repodata/raw/master/addons.xml</info>
      <checksum>https://github.com/cralin/repository.cralin.Kodi_19.repodata/raw/master/addons.xml.md5</checksum>
      <datadir zip="true">https://github.com/cralin/repository.cralin.Kodi_19.repodata/raw/master/.packages</datadir>
  </extension>
  <extension point="xbmc.addon.metadata">
    <platform>all</platform>
    <description lang="en">cralin's repository for Kodi 19.x (Matrix)</description>
    <license></license>
    <language></language>
    <website></website>
    <news></news>
    <assets></assets> 
  </extension>
</addon>
